network,block,signed_in,signed
Polygon,22155454,2022-06-22 20:00:00,0
Polygon,22155455,2022-06-22 20:00:00,0
Polygon,22155456,2022-06-22 20:00:00,0
Polygon,22155457,2022-06-22 20:00:00,0
Polygon,22155458,2022-06-18 20:00:00,0
Polygon,22155459,2022-06-17 20:00:00,0
Polygon,22155460,2022-06-16 20:00:00,0
Polygon,22155461,2022-06-15 20:00:00,0
Polygon,22155462,2022-06-14 20:00:00,0
Polygon,22155463,2022-06-13 20:00:00,0
Polygon,22155464,2022-06-12 20:00:00,0
Polygon,22155465,2022-06-11 20:00:00,0
Polygon,22155466,2022-06-10 20:00:00,0
Polygon,22155467,2022-06-10 20:00:00,0
Polygon,22155468,2022-06-10 20:00:00,0
Polygon,22155469,2022-06-10 20:00:00,0
Polygon,22155470,2022-06-10 20:00:00,0
Polygon,22155471,2022-06-05 20:00:00,0
Polygon,22155472,2022-06-04 20:00:00,0
Polygon,22155473,2022-06-03 20:00:00,0
Polygon,22155474,2022-06-02 20:00:00,0
Polygon,22155475,2022-06-02 20:00:00,0
Polygon,22155476,2022-06-02 20:00:00,0
Polygon,22155477,2022-06-02 20:00:00,0
Polygon,22155478,2022-06-02 20:00:00,0
Polygon,22155479,2022-06-02 20:00:00,0
Polygon,22155480,2022-05-27 20:00:00,0
Polygon,22155481,2022-05-26 20:00:00,0
Polygon,22155482,2022-05-25 20:00:00,0
Polygon,22155483,2022-05-24 20:00:00,0
Polygon,22155484,2022-05-23 20:00:00,0
Polygon,22155485,2022-05-22 20:00:00,0
Polygon,22155486,2022-05-21 20:00:00,0
Polygon,22155487,2022-05-20 20:00:00,0
Polygon,22155488,2022-05-19 20:00:00,0
Polygon,22155489,2022-05-18 20:00:00,0
Polygon,22155490,2022-05-17 20:00:00,0
Polygon,22155491,2022-05-16 20:00:00,0
Polygon,22155454,2022-06-22 20:00:00,0
Polygon,22155455,2022-06-22 20:00:00,0
Polygon,22155456,2022-06-22 20:00:00,0
Polygon,22155457,2022-06-22 20:00:00,0
Polygon,22155458,2022-06-18 20:00:00,0
Polygon,22155459,2022-06-17 20:00:00,0
Polygon,22155460,2022-06-16 20:00:00,0
Polygon,22155461,2022-06-15 20:00:00,0
Polygon,22155462,2022-06-14 20:00:00,0
Polygon,22155463,2022-06-13 20:00:00,0
Polygon,22155464,2022-06-12 20:00:00,0
Polygon,22155465,2022-06-11 20:00:00,0
Polygon,22155466,2022-06-10 20:00:00,0
Polygon,22155467,2022-06-10 20:00:00,0
Polygon,22155468,2022-06-10 20:00:00,0
Polygon,22155469,2022-06-10 20:00:00,0
Polygon,22155470,2022-06-10 20:00:00,0
Polygon,22155471,2022-06-05 20:00:00,0
Polygon,22155472,2022-06-04 20:00:00,0
Polygon,22155473,2022-06-03 20:00:00,0
Polygon,22155474,2022-06-02 20:00:00,0
Polygon,22155475,2022-06-02 20:00:00,0
Polygon,22155476,2022-06-02 20:00:00,0
Polygon,22155477,2022-06-02 20:00:00,0
Polygon,22155478,2022-06-02 20:00:00,0
Polygon,22155479,2022-06-02 20:00:00,0
Polygon,22155480,2022-05-27 20:00:00,0
Polygon,22155481,2022-05-26 20:00:00,0
Polygon,22155482,2022-05-25 20:00:00,0
Polygon,22155483,2022-05-24 20:00:00,0
Polygon,22155484,2022-05-23 20:00:00,0
Polygon,22155485,2022-05-22 20:00:00,0
Polygon,22155486,2022-05-21 20:00:00,0
Polygon,22155487,2022-05-20 20:00:00,0
Polygon,22155488,2022-05-19 20:00:00,0
Polygon,22155489,2022-05-18 20:00:00,0
Polygon,22155490,2022-05-17 20:00:00,0
Polygon,22155491,2022-05-16 20:00:00,0
